New York, 
Tokyo, 
London, 
Istanbul, 
Mexico City, 
Mumbai, 
Moscow, 
Sao Paulo, 
Cairo, 
Los Angeles, 
Paris, 
Beijing, 
Chicago, 
Osaka, 
Berlin, 
Madrid, 
Toronto, 
Seoul, 
Hong Kong, 
Bangkok, 
Miami, 
Shanghai, 
Kolkata, 
Rome, 
Singapore, 
Dubai, 
Buenos Aires, 
Barcelona, 
Houston, 
Washington, 
San Francisco, 
Boston, 
Kuala Lumpur, 
Sydney, 
Athens, 
Dallas, 
Philadelphia, 
Montreal, 
San Diego, 
Detroit, 
Seattle, 
St. Petersburg, 
Milan, 
Taipei, 
Prague, 
Amsterdam, 
Brisbane, 
Tel Aviv, 
Lisbon, 
Vienna, 
Dublin, 
Vancouver, 
Stockholm, 
Manila, 
Nairobi, 
Hanoi, 
Abuja, 
Zurich, 
Munich, 
Minsk, 
Kiev, 
Brussels, 
Frankfurt, 
Copenhagen, 
Oslo, 
Cleveland, 
Portland, 
Pittsburgh, 
Minneapolis, 
Nashville, 
Baltimore, 
Lyon, 
Tehran, 
Lima, 
Harare, 
Ankara, 
Bogotá, 
Rotterdam, 
Helsinki, 
Warsaw, 
Ljubljana, 
Doha, 
Muscat, 
Krakow, 
Bucharest, 
Santiago, 
Sofia, 
Zagreb, 
Nicosia, 
Prishtina, 
Kigali, 
Yerevan, 
Tallinn, 
Lusaka, 
Maputo, 
Manama, 
Baku, 
Tbilisi, 
Bishkek, 
Ashgabat, 
Algiers, 
Tunis, 
Rabat, 
Accra, 
Abidjan, 
Dakar, 
Kinshasa, 
Luanda, 
Lagos, 
Addis Ababa, 
Dar es Salaam, 
Nairobi, 
Kampala, 
Khartoum, 
Antananarivo, 
Maseru, 
Gaborone, 
Windhoek, 
Pretoria, 
Cape Town, 
Durban, 
Johannesburg, 
Port Louis, 
Porto-Novo, 
Lomé, 
Niamey, 
Yaoundé, 
N'Djamena, 
Bangui, 
Brazzaville, 
Libreville, 
Malabo, 
Ouagadougou, 
Conakry, 
Freetown, 
Monrovia, 
Banjul, 
Bissau, 
Djibouti, 
Asmara, 
Victoria, 
Suva, 
Apia, 
Nuku, 
Port Vila, 
Honiara, 
Majuro, 
Palikir, 
Funafuti, 
Tarawa, 
Ngerulmud, 
Avarua, 
Pago Pago, 
Saint-Denis, 
Nouméa, 
Papeete, 
Bora Bora, 
Alofi,
The Valley,
Basseterre,
Castries,
Saint George's,
Kingstown,
Saint John's,
Bridgetown,
Port of Spain,
Roseau,
Belmopan,
San José,
Managua,
Tegucigalpa,
Panama City,
Belmopan,
Georgetown,
Paramaribo,
Cayenne,
Fort-de-France,
Hamilton,
Mamoudzou,
Philipsburg,
Gustavia,
Oranjestad,
Willemstad,
The Bottom,
Charlotte Amalie,
George Town,
Basse-Terre,
Ho Chi Minh,
Da Nang,
Hue,
Can Tho,
Vung Tau,
Hoi An,
Nha Trang,
Hai Phong,
Phan Thiet,
Novosibirsk,
Yekaterinburg,
Nizhniy Novgorod,
Kazan,
Samara,
Omsk,
Chelyabinsk,
Rostov,
Guangzhou,
Shenzhen,
Chongqing,
Chengdu,
Xian,
Hangzhou,
Suzhou,
Tianjin,
Manchester,
Liverpool,
Birmingham,
Leeds,
Bristol,
Bath,
Cambridge,
Oxford,
Newcastle,
Marseille,
Lyon,
Toulouse,
Nice,
Bordeaux,
Lille,
Strasbourg,
Montpellier,
Cannes,
Florence,
Venice,
Milan,
Naples,
Pisa,
Bologna,
Verona,
Turin,
Genoa,
Hamburg,
Cologne,
Stuttgart,
Dresden,
Nuremberg,
Heidelberg,
Leipzig,
Seville,
Valencia,
Granada,
Bilbao,
Malaga,
Toledo,
Zaragoza,
Valparaiso,
Lviv,
Odessa,
Kharkiv,
Dnipro,
Donetsk,
Zaporizhzhia,
Chernivtsi,
Vinnytsia,
Kyoto,
Osaka,
Hiroshima,
Nagoya,
Sapporo,
Kobe,
Fukuoka,
Nara,
Yokohama,
Busan,
Incheon,
Daegu,
Gyeongju,
Jeju,
Suwon,
Daejeon,
Gwangju,
Ulsan,
Kabul